"Employee who killed gunman likely saved lives, police say",2021-10-22,https://news.yahoo.com/employee-killed-gunman-likely-saved-211530368.html
A 55-year-old mother of 9 was sentenced to death by hanging over possessing around 4 ounces of meth,2021-10-23,https://news.yahoo.com/55-old-mother-9-sentenced-054433946.html
"Employee who killed gunman likely saved lives, police say",2021-10-22,https://news.yahoo.com/employee-killed-gunman-likely-saved-211530368.html
A 55-year-old mother of 9 was sentenced to death by hanging over possessing around 4 ounces of meth,2021-10-23,https://news.yahoo.com/55-old-mother-9-sentenced-054433946.html
"Employee who killed gunman likely saved lives, police say",2021-10-22,https://news.yahoo.com/employee-killed-gunman-likely-saved-211530368.html
A 55-year-old mother of 9 was sentenced to death by hanging over possessing around 4 ounces of meth,2021-10-23,https://news.yahoo.com/55-old-mother-9-sentenced-054433946.html
"Asian spider takes hold in Georgia, sends humans scurrying",2021-10-29,https://news.yahoo.com/asian-spider-takes-hold-georgia-134321868.html
Tyler Perry says he suggested 'Survivor' make swimsuits 'look worn and tattered' but denies telling Jeff Probst to get rid of them altogether,2021-10-30,https://news.yahoo.com/tyler-perry-says-suggested-survivor-011157169.html
Olympic snowboarder's widow welcomes baby 15 months after his death,2021-10-29,https://news.yahoo.com/olympic-snowboarders-widow-welcomes-baby-214652499.html
Indian movie star Puneeth Rajkumar dies after heart attack,2021-10-29,https://news.yahoo.com/indian-movie-star-puneeth-rajkumar-143905113.html
"Supreme Court Justices Brett Kavanaugh and Amy Coney Barrett side with liberal justices, decline to block Maine's vaccine mandate for health workers with religious objections",2021-10-30,https://news.yahoo.com/supreme-court-justices-brett-kavanaugh-030349167.html
"Fact check: Remains found in Florida park ID'd as Brian Laundrie's, not a supposed twin's",2021-10-30,https://news.yahoo.com/fact-check-remains-found-florida-002909503.html
"Trump wants call logs, aide's notes hidden from Jan. 6 panel",2021-10-30,https://news.yahoo.com/trump-wants-call-logs-aides-110728503.html
Marjorie Taylor Greene Called Liz Cheney A ‘Karen’ And You Know What Happened Next,2021-10-29,https://news.yahoo.com/marjorie-taylor-greene-called-liz-065728278.html
"Major League Baseball breaks tradition, introduces robot umpires to call games",2021-10-30,https://news.yahoo.com/major-league-baseball-breaks-tradition-122226733.html
How 'Let's Go Brandon' became code for insulting Joe Biden,2021-10-30,https://news.yahoo.com/lets-brandon-became-code-insulting-050915714.html
'Grey's Anatomy' star Isaiah Washington said Ellen Pompeo was secretly paid $5 million 'to not tell the world how toxic and nasty Patrick Dempsey really was',2021-10-29,https://news.yahoo.com/greys-anatomy-star-isaiah-washington-165941822.html
Elvira Opens Up About Her Sweet First Kiss With Partner T Wierson,2021-10-28,https://news.yahoo.com/elvira-opens-her-sweet-first-174854765.html
Oklahoma executes inmate who dies vomiting and convulsing,2021-10-28,https://news.yahoo.com/oklahoma-asks-us-supreme-court-172735612.html
Killed in seconds: why did the FBI shoot Jonathan Cortez in an Oakland corner store?,2021-10-30,https://news.yahoo.com/killed-seconds-why-did-fbi-130102708.html
GOP Rep. Jim Jordan's 'Disfunction' Whine Gets Flipped Back On Him,2021-10-30,https://news.yahoo.com/gop-rep-jim-jordans-disfunction-063508393.html
Study details environmental impacts of early Chaco residents,2021-10-29,https://news.yahoo.com/study-details-environmental-effects-early-183152605.html
'Survivor' winner slams the show for forcing contestants to continue competing in their underwear after 41 seasons: 'Give them some dignity',2021-10-29,https://news.yahoo.com/survivor-winner-slams-show-forcing-171030876.html
"Fully vaccinated people can pass on the Delta variant at home, including to other vaccinated people, a study finds - but unvaccinated people are still at most risk",2021-10-29,https://news.yahoo.com/fully-vaccinated-people-pass-delta-123654331.html
Arpaio legal tab hits $100M as taxpayers foot his last bills,2021-10-29,https://news.yahoo.com/latest-payout-arizona-sheriff-cost-041238835.html
"The rise and fall of the yakuza, Japan's ruthless mafia gangs",2021-10-29,https://news.yahoo.com/rise-fall-yakuza-japans-ruthless-104154686.html
‘Spite fence’ angers neighbors of West Neck golf community in Virginia Beach,2021-10-28,https://news.yahoo.com/spite-fence-angers-neighbors-west-184100333.html
"3 guilty in killing of girl, 12, that shook New Orleans",2021-10-28,https://news.yahoo.com/3-guilty-killing-girl-12-200156135.html
"Sean Spicer Rips Joe Biden For Something Donald Trump Did Many, Many Times",2021-10-29,https://news.yahoo.com/sean-spicer-rips-joe-biden-081243157.html
Instagram model who posed by her dad's casket says there's 'nothing wrong' with what she posted after backlash,2021-10-29,https://news.yahoo.com/instagram-model-posed-her-dads-152434948.html
Lava flows from summit in Hawaii volcano eruption,2021-10-29,https://news.yahoo.com/lava-flows-summit-hawaii-volcano-231722893.html
"Bill Gates celebrated his 66th birthday with Jeff Bezos at an intimate party in a secluded Turkish cove, reports say",2021-10-30,https://news.yahoo.com/bill-gates-celebrated-66th-birthday-120152509.html
"Alec Baldwin resurfaces in Vermont after 'Rust' shooting, stuns local business owner: 'My jaw dropped'",2021-10-28,https://news.yahoo.com/alec-baldwin-resurfaces-vermont-apos-172231845.html
Rival: Violent past should bar Herschel Walker from Senate,2021-10-28,https://news.yahoo.com/rival-violent-past-bar-herschel-212153739.html
Trans Woman Jessi Hart Found Dead in Oregon,2021-10-29,https://news.yahoo.com/trans-woman-jessi-hart-found-192436279.html
"2 men arrested on suspicion of cutting wood from bridge to sell on black market, officials say",2021-10-29,https://news.yahoo.com/2-men-arrested-suspicion-cutting-163405508.html
California judge rejects water deal for major farm supplier,2021-10-28,https://news.yahoo.com/california-judge-rejects-water-deal-212403032.html
A reporter says Bruce Willis once made her wait 9 days for a 'nightmare' interview and then didn't tip the waiter at the restaurant he forced shut,2021-10-29,https://news.yahoo.com/reporter-says-bruce-willis-once-214704253.html
Texas shocked by killing of motorist who pulled into man’s driveway,2021-10-29,https://news.yahoo.com/texas-shocked-killing-muslim-motorist-090026397.html
NOT REAL NEWS: A look at what didn't happen this week,2021-10-29,https://news.yahoo.com/not-real-news-look-didnt-182708423.html
"'They are liars or they are stupid': Arnold Schwarzenegger attacks world leaders over climate policies, arguing that cutting emissions can also boost the economy",2021-10-29,https://news.yahoo.com/liars-stupid-arnold-schwarzenegger-attacks-095719909.html
Mom banned as Orange elementary school volunteer after anonymous letter reveals OnlyFans page,2021-10-28,https://news.yahoo.com/mom-banned-orange-elementary-school-232100212.html
Traditionalists flood Rome after pope's Latin Mass crackdown,2021-10-29,https://news.yahoo.com/traditionalists-flood-rome-popes-latin-190616621.html
'You came from South Korea': Irvine vice-mayor confronted with xenophobic questioning at council meeting,2021-10-29,https://news.yahoo.com/came-south-korea-irvine-vice-175208637.html
Here's how the Northeast could get its first snow of the season next week,2021-10-30,https://news.yahoo.com/heres-northeast-could-first-snow-002700611.html
Prisoner gives Guantanamo court first account of CIA abuse,2021-10-29,https://news.yahoo.com/prisoner-gives-guantanamo-court-first-012631829.html
A dog show was shut down after a mass brawl broke out. Footage shows attendees throwing chairs and hurling punches.,2021-10-30,https://news.yahoo.com/dog-show-shut-down-mass-124638621.html
Jay-Z testifies in NYC court about toxic celebrity perfume deal,2021-10-29,https://news.yahoo.com/jay-z-testifies-nyc-court-150500309.html
"Melo shoots Lakers to 3rd win in 4, 113-101 over Cavaliers",2021-10-30,https://news.yahoo.com/melo-shoots-lakers-3rd-win-050023700.html
Is this the most Miami Halloween costume ever? Check out Larsa Pippen’s ‘Scarface’ look,2021-10-28,https://news.yahoo.com/most-miami-halloween-costume-ever-201753623.html
"I ran for office as a Republican in Virginia, but now I'm voting for the Democratic candidate for governor because the GOP has lost its way.",2021-10-30,https://news.yahoo.com/ran-office-republican-virginia-now-123200125.html
Kenya’s president Kenyatta: Africa is at a crossroads,2021-10-29,https://news.yahoo.com/kenya-president-kenyatta-africa-crossroads-003413413.html
"​​He Won Big at a Casino—and Was Murdered by a Stranger Who Trailed Him Home, Cops Say",2021-10-29,https://news.yahoo.com/won-big-casino-murdered-stranger-171230890.html
"A flight attendant suffered broken bones in her face because a passenger punched her after she bumped into him, union says",2021-10-29,https://news.yahoo.com/flight-attendant-suffered-broken-bones-032011174.html
Official: Meeting didn't impact Noem daughter's application,2021-10-28,https://news.yahoo.com/official-meeting-didnt-impact-noem-203911068.html
Mysterious mobile home abandoned near Missouri intersection yields suspicious theories,2021-10-28,https://news.yahoo.com/mysterious-mobile-home-abandoned-near-152556054.html
